strain,label
GCA_002310615.1,Escherichia coli 1190
GCA_002310615.1,Escherichia coli 1190
GCA_002310595.1,Escherichia coli 144
GCA_002310595.1,Escherichia coli 144
GCA_002310595.1,Escherichia coli 144
GCA_000027125.1,Escherichia coli 042
GCA_000027125.1,Escherichia coli 042
GCA_002310655.1,Escherichia coli 746
GCA_002310655.1,Escherichia coli 746
GCA_002310655.1,Escherichia coli 746
GCA_002310655.1,Escherichia coli 746
GCA_002787215.1,Escherichia coli AR_0006
GCA_002787215.1,Escherichia coli AR_0006
GCA_002787215.1,Escherichia coli AR_0006
GCA_002787215.1,Escherichia coli AR_0006
GCA_002788115.1,Escherichia coli AR_0015
GCA_002788115.1,Escherichia coli AR_0015
GCA_002788115.1,Escherichia coli AR_0015
GCA_002788115.1,Escherichia coli AR_0015
GCA_003571785.1,Escherichia coli AR_0067
GCA_003571785.1,Escherichia coli AR_0067
GCA_003571785.1,Escherichia coli AR_0067
GCA_003571785.1,Escherichia coli AR_0067
GCA_003571785.1,Escherichia coli AR_0067
GCA_002968735.1,Escherichia coli AR_0372
GCA_002968735.1,Escherichia coli AR_0372
GCA_002968735.1,Escherichia coli AR_0372
GCA_002968735.1,Escherichia coli AR_0372
GCA_002968735.1,Escherichia coli AR_0372
GCA_002968735.1,Escherichia coli AR_0372
GCA_001900295.1,Escherichia coli C1
GCA_001900315.1,Escherichia coli C4
GCA_003030245.1,Escherichia coli CFSAN018748
GCA_003030245.1,Escherichia coli CFSAN018748
GCA_003030245.1,Escherichia coli CFSAN018748
GCA_003030245.1,Escherichia coli CFSAN018748
GCA_002278115.2,Escherichia coli CFSAN061770
GCA_002278115.2,Escherichia coli CFSAN061770
GCA_002278115.2,Escherichia coli CFSAN061770
GCA_002278115.2,Escherichia coli CFSAN061770
GCA_003180995.1,Escherichia coli DA33137
GCA_003180995.1,Escherichia coli DA33137
GCA_003180995.1,Escherichia coli DA33137
GCA_002011985.1,Escherichia coli Ecol_316
GCA_002011985.1,Escherichia coli Ecol_316
GCA_002011985.1,Escherichia coli Ecol_316
GCA_002011985.1,Escherichia coli Ecol_316
GCA_002012045.1,Escherichia coli Ecol_545
GCA_002012045.1,Escherichia coli Ecol_545
GCA_002012045.1,Escherichia coli Ecol_545
GCA_002012045.1,Escherichia coli Ecol_545
GCA_002012045.1,Escherichia coli Ecol_545
GCA_002012045.1,Escherichia coli Ecol_545
GCA_002591135.1,Escherichia coli FDAARGOS_448
GCA_002591135.1,Escherichia coli FDAARGOS_448
GCA_002591135.1,Escherichia coli FDAARGOS_448
GCA_002591135.1,Escherichia coli FDAARGOS_448
GCA_002591135.1,Escherichia coli FDAARGOS_448
GCA_001890365.1,Escherichia coli MRSN346647
GCA_001890365.1,Escherichia coli MRSN346647
GCA_001890365.1,Escherichia coli MRSN346647
GCA_000219515.3,Escherichia coli PCN033
GCA_000219515.3,Escherichia coli PCN033
GCA_000219515.3,Escherichia coli PCN033
GCA_000219515.3,Escherichia coli PCN033
GCA_003410275.1,Escherichia coli S10
GCA_003410275.1,Escherichia coli S10
GCA_000599665.1,Escherichia coli ST2747
GCA_002164645.2,Escherichia coli WCHEC4533
GCA_002164645.2,Escherichia coli WCHEC4533
GCA_002164645.2,Escherichia coli WCHEC4533
GCA_002164645.2,Escherichia coli WCHEC4533
GCA_002164645.2,Escherichia coli WCHEC4533
GCA_002164635.3,Escherichia coli WCHEC96200
GCA_002164635.3,Escherichia coli WCHEC96200
GCA_002164635.3,Escherichia coli WCHEC96200
GCA_002164635.3,Escherichia coli WCHEC96200
GCA_002925525.1,Escherichia coli YDC107
GCA_002925525.1,Escherichia coli YDC107
GCA_002925525.1,Escherichia coli YDC107
GCA_002925525.1,Escherichia coli YDC107
GCA_002925525.1,Escherichia coli YDC107
GCA_002925525.1,Escherichia coli YDC107
GCA_002925525.1,Escherichia coli YDC107
GCA_002142675.1,Escherichia coli Z1002
GCA_002142675.1,Escherichia coli Z1002
GCA_002142675.1,Escherichia coli Z1002
GCA_002142675.1,Escherichia coli Z1002
GCA_002142675.1,Escherichia coli Z1002
GCA_900092615.1,Escherichia coli
GCA_900174625.1,Escherichia coli
GCA_900174625.1,Escherichia coli
GCA_900174625.1,Escherichia coli
GCA_900174625.1,Escherichia coli
GCA_900174635.1,Escherichia coli
GCA_900174635.1,Escherichia coli
GCA_900174635.1,Escherichia coli
GCA_900174635.1,Escherichia coli
GCA_900174635.1,Escherichia coli
GCA_900184875.1,Escherichia coli
GCA_900184875.1,Escherichia coli
GCA_900184875.1,Escherichia coli
GCA_900184875.1,Escherichia coli
GCA_001677515.1,Escherichia coli 08-00022
GCA_001677515.1,Escherichia coli 08-00022
GCA_002310715.1,Escherichia coli 1223
GCA_002310715.1,Escherichia coli 1223
GCA_002310715.1,Escherichia coli 1223
GCA_002310675.1,Escherichia coli 127
GCA_002310675.1,Escherichia coli 127
GCA_002310675.1,Escherichia coli 127
GCA_002310675.1,Escherichia coli 127
GCA_002310675.1,Escherichia coli 127
GCA_002310675.1,Escherichia coli 127
GCA_002310735.1,Escherichia coli 1283
GCA_002310735.1,Escherichia coli 1283
GCA_002310735.1,Escherichia coli 1283
GCA_002310735.1,Escherichia coli 1283
GCA_002310735.1,Escherichia coli 1283
GCA_002310735.1,Escherichia coli 1283
GCA_000829985.1,Escherichia coli 1303
GCA_000829985.1,Escherichia coli 1303
GCA_000829985.1,Escherichia coli 1303
GCA_000829985.1,Escherichia coli 1303
GCA_002855325.1,Escherichia coli 14EC001
GCA_002855325.1,Escherichia coli 14EC001
GCA_002855325.1,Escherichia coli 14EC001
GCA_002855325.1,Escherichia coli 14EC001
GCA_002855415.1,Escherichia coli 14EC007
GCA_002855415.1,Escherichia coli 14EC007
GCA_002855415.1,Escherichia coli 14EC007
GCA_002853655.1,Escherichia coli 14EC017
GCA_002853655.1,Escherichia coli 14EC017
GCA_002853655.1,Escherichia coli 14EC017
GCA_002853655.1,Escherichia coli 14EC017
GCA_001735705.1,Escherichia coli 210221272
GCA_001735705.1,Escherichia coli 210221272
GCA_003033905.1,Escherichia coli 26561
GCA_003033905.1,Escherichia coli 26561
GCA_003033905.1,Escherichia coli 26561
GCA_003254065.1,Escherichia coli 51008369SK1
GCA_003254065.1,Escherichia coli 51008369SK1
GCA_003254065.1,Escherichia coli 51008369SK1
GCA_003254065.1,Escherichia coli 51008369SK1
GCA_003254065.1,Escherichia coli 51008369SK1
GCA_003254065.1,Escherichia coli 51008369SK1
GCA_002142695.1,Escherichia coli 5CRE51
GCA_002142695.1,Escherichia coli 5CRE51
GCA_002142695.1,Escherichia coli 5CRE51
GCA_000814145.2,Escherichia coli 6409
GCA_000814145.2,Escherichia coli 6409
GCA_000814145.2,Escherichia coli 6409
GCA_003030365.1,Escherichia coli 675SK2
GCA_003030365.1,Escherichia coli 675SK2
GCA_002211725.1,Escherichia coli ABWA45
GCA_002211725.1,Escherichia coli ABWA45
GCA_002211725.1,Escherichia coli ABWA45
GCA_002211725.1,Escherichia coli ABWA45
GCA_002211725.1,Escherichia coli ABWA45
GCA_002211725.1,Escherichia coli ABWA45
GCA_002788295.1,Escherichia coli AR_0011
GCA_002788295.1,Escherichia coli AR_0011
GCA_002788295.1,Escherichia coli AR_0011
GCA_002788295.1,Escherichia coli AR_0011
GCA_002787315.1,Escherichia coli AR_0014
GCA_002787315.1,Escherichia coli AR_0014
GCA_002787315.1,Escherichia coli AR_0014
GCA_002056065.1,Escherichia coli AR_0061
GCA_002056065.1,Escherichia coli AR_0061
GCA_002056065.1,Escherichia coli AR_0061
GCA_003204155.1,Escherichia coli AR_0085
GCA_003204155.1,Escherichia coli AR_0085
GCA_003204155.1,Escherichia coli AR_0085
GCA_003204155.1,Escherichia coli AR_0085
GCA_002192275.1,Escherichia coli AR_0114
GCA_002192275.1,Escherichia coli AR_0114
GCA_002192275.1,Escherichia coli AR_0114
GCA_002192275.1,Escherichia coli AR_0114
GCA_002201835.1,Escherichia coli AR_0137
GCA_002201835.1,Escherichia coli AR_0137
GCA_002201835.1,Escherichia coli AR_0137
GCA_002201835.1,Escherichia coli AR_0137
GCA_002180055.1,Escherichia coli AR_0149
GCA_002180055.1,Escherichia coli AR_0149
GCA_002180055.1,Escherichia coli AR_0149
GCA_002192295.1,Escherichia coli AR_0150
GCA_002192295.1,Escherichia coli AR_0150
GCA_002192295.1,Escherichia coli AR_0150
GCA_002192295.1,Escherichia coli AR_0150
GCA_002180215.1,Escherichia coli AR_0151
GCA_002180215.1,Escherichia coli AR_0151
GCA_002180215.1,Escherichia coli AR_0151
GCA_002180135.1,Escherichia coli AR_0162
GCA_002180135.1,Escherichia coli AR_0162
GCA_002180135.1,Escherichia coli AR_0162
GCA_002180135.1,Escherichia coli AR_0162
GCA_002180135.1,Escherichia coli AR_0162
GCA_002968715.1,Escherichia coli AR_0369
GCA_002968715.1,Escherichia coli AR_0369
GCA_002968715.1,Escherichia coli AR_0369
GCA_002968715.1,Escherichia coli AR_0369
GCA_002968715.1,Escherichia coli AR_0369
GCA_002968715.1,Escherichia coli AR_0369
GCA_003073835.1,Escherichia coli AR435
GCA_003073835.1,Escherichia coli AR435
GCA_003073835.1,Escherichia coli AR435
GCA_003073835.1,Escherichia coli AR435
GCA_003073835.1,Escherichia coli AR435
GCA_003073835.1,Escherichia coli AR435
GCA_003073835.1,Escherichia coli AR435
GCA_003073835.1,Escherichia coli AR435
GCA_003073835.1,Escherichia coli AR435
GCA_002993265.1,Escherichia coli AS19-RrmA-
GCA_000019385.1,Escherichia coli ATCC 8739
GCA_003591595.1,Escherichia coli ATCC 8739
GCA_001559615.2,Escherichia coli B C2566
GCA_001559635.1,Escherichia coli B C3029
GCA_000017985.1,Escherichia coli B str. REL606
GCA_000833145.1,Escherichia coli BL21 (TaKaRa)
GCA_000023665.1,Escherichia coli BL21-Gold(DE3)pLysS AG' AG
GCA_002078295.1,Escherichia coli BLK16
GCA_002078275.1,Escherichia coli BLK9
GCA_002090355.1,Escherichia coli BLR(DE3)
GCA_002079225.1,Escherichia coli C
GCA_003287245.1,Escherichia coli C
GCA_000830035.1,Escherichia coli C41(DE3)
GCA_001039415.1,Escherichia coli C43(DE3)
GCA_001900575.1,Escherichia coli C9
GCA_001900575.1,Escherichia coli C9
GCA_001900575.1,Escherichia coli C9
GCA_002105735.1,Escherichia coli CFSAN051542
GCA_002105735.1,Escherichia coli CFSAN051542
GCA_003030025.1,Escherichia coli CFSAN064036
GCA_003030025.1,Escherichia coli CFSAN064036
GCA_003030025.1,Escherichia coli CFSAN064036
GCA_002860105.1,Escherichia coli CRE1493
GCA_002860105.1,Escherichia coli CRE1493
GCA_002860105.1,Escherichia coli CRE1493
GCA_002860105.1,Escherichia coli CRE1493
GCA_002860105.1,Escherichia coli CRE1493
GCA_002860105.1,Escherichia coli CRE1493
GCA_002786655.1,Escherichia coli CREC-532
GCA_002786655.1,Escherichia coli CREC-532
GCA_002786655.1,Escherichia coli CREC-532
GCA_002786655.1,Escherichia coli CREC-532
GCA_002787545.1,Escherichia coli CREC-629
GCA_002787545.1,Escherichia coli CREC-629
GCA_002787545.1,Escherichia coli CREC-629
GCA_002787545.1,Escherichia coli CREC-629
GCA_001900615.1,Escherichia coli D2
GCA_001900615.1,Escherichia coli D2
GCA_001900615.1,Escherichia coli D2
GCA_001900655.1,Escherichia coli D4
GCA_001900655.1,Escherichia coli D4
GCA_001900715.1,Escherichia coli D9
GCA_001900715.1,Escherichia coli D9
GCA_001900715.1,Escherichia coli D9
GCA_001900715.1,Escherichia coli D9
GCA_001900715.1,Escherichia coli D9
GCA_003180975.1,Escherichia coli DA33133
GCA_003180975.1,Escherichia coli DA33133
GCA_003443815.1,Escherichia coli E308
GCA_003443815.1,Escherichia coli E308
GCA_003443815.1,Escherichia coli E308
GCA_003443815.1,Escherichia coli E308
GCA_003443815.1,Escherichia coli E308
GCA_003443795.1,Escherichia coli E706
GCA_003443795.1,Escherichia coli E706
GCA_001682305.2,Escherichia coli EC590
GCA_003571765.1,Escherichia coli ECCWS199
GCA_003571765.1,Escherichia coli ECCWS199
GCA_003571765.1,Escherichia coli ECCWS199
GCA_002012185.1,Escherichia coli Ecol_422
GCA_002012185.1,Escherichia coli Ecol_422
GCA_002012185.1,Escherichia coli Ecol_422
GCA_002012185.1,Escherichia coli Ecol_422
GCA_002012185.1,Escherichia coli Ecol_422
GCA_002012105.1,Escherichia coli Ecol_AZ147
GCA_002012105.1,Escherichia coli Ecol_AZ147
GCA_002012105.1,Escherichia coli Ecol_AZ147
GCA_002012105.1,Escherichia coli Ecol_AZ147
GCA_002012125.1,Escherichia coli Ecol_AZ155
GCA_002012125.1,Escherichia coli Ecol_AZ155
GCA_002012125.1,Escherichia coli Ecol_AZ155
GCA_002012125.1,Escherichia coli Ecol_AZ155
GCA_002012125.1,Escherichia coli Ecol_AZ155
GCA_002934895.1,Escherichia coli ECONIH4
GCA_002934895.1,Escherichia coli ECONIH4
GCA_002934895.1,Escherichia coli ECONIH4
GCA_002934895.1,Escherichia coli ECONIH4
GCA_002934895.1,Escherichia coli ECONIH4
GCA_002934895.1,Escherichia coli ECONIH4
GCA_002934895.1,Escherichia coli ECONIH4
GCA_002903105.1,Escherichia coli ECONIH5
GCA_002903105.1,Escherichia coli ECONIH5
GCA_002903105.1,Escherichia coli ECONIH5
GCA_002903105.1,Escherichia coli ECONIH5
GCA_002903105.1,Escherichia coli ECONIH5
GCA_002903105.1,Escherichia coli ECONIH5
GCA_002903105.1,Escherichia coli ECONIH5
GCA_002903105.1,Escherichia coli ECONIH5
GCA_002903125.1,Escherichia coli ECONIH6
GCA_002903125.1,Escherichia coli ECONIH6
GCA_002903125.1,Escherichia coli ECONIH6
GCA_000210475.1,Escherichia coli ETEC H10407
GCA_000210475.1,Escherichia coli ETEC H10407
GCA_000210475.1,Escherichia coli ETEC H10407
GCA_000210475.1,Escherichia coli ETEC H10407
GCA_000210475.1,Escherichia coli ETEC H10407
GCA_002077195.1,Escherichia coli FAM21845
GCA_002077195.1,Escherichia coli FAM21845
GCA_002077195.1,Escherichia coli FAM21845
GCA_002077195.1,Escherichia coli FAM21845
GCA_002077195.1,Escherichia coli FAM21845
GCA_002077195.1,Escherichia coli FAM21845
GCA_001888075.1,Escherichia coli FMU073332
GCA_001888075.1,Escherichia coli FMU073332
GCA_001888075.1,Escherichia coli FMU073332
GCA_001888075.1,Escherichia coli FMU073332
GCA_001888075.1,Escherichia coli FMU073332
GCA_003352425.1,Escherichia coli FORC 64
GCA_003352425.1,Escherichia coli FORC 64
GCA_003352425.1,Escherichia coli FORC 64
GCA_003352425.1,Escherichia coli FORC 64
GCA_001750845.1,Escherichia coli FORC_031
GCA_001750845.1,Escherichia coli FORC_031
GCA_001750845.1,Escherichia coli FORC_031
GCA_001750845.1,Escherichia coli FORC_031
GCA_001750845.1,Escherichia coli FORC_031
GCA_001900775.1,Escherichia coli H1
GCA_001900775.1,Escherichia coli H1
GCA_001900775.1,Escherichia coli H1
GCA_001678925.1,Escherichia coli H1827/12
GCA_001900795.1,Escherichia coli H2
GCA_001900795.1,Escherichia coli H2
GCA_001900795.1,Escherichia coli H2
GCA_001900795.1,Escherichia coli H2
GCA_001900415.1,Escherichia coli H5
GCA_001900435.1,Escherichia coli H6
GCA_001900455.1,Escherichia coli H7
GCA_001900835.1,Escherichia coli H8
GCA_001900835.1,Escherichia coli H8
GCA_001900835.1,Escherichia coli H8
GCA_001900835.1,Escherichia coli H8
GCA_003111785.1,Escherichia coli H9Ecoli
GCA_003111785.1,Escherichia coli H9Ecoli
GCA_003111785.1,Escherichia coli H9Ecoli
GCA_003111785.1,Escherichia coli H9Ecoli
GCA_003111785.1,Escherichia coli H9Ecoli
GCA_003031225.1,Escherichia coli HKUOPY1
GCA_000017765.1,Escherichia coli HS
GCA_003231115.1,Escherichia coli HS30-1
GCA_003231115.1,Escherichia coli HS30-1
GCA_000005845.2,Escherichia coli K-12 substr. MG1655
GCA_001308125.1,Escherichia coli K-12 substr. MG1655_TMP32XR1
GCA_002494365.2,Escherichia coli KL53
GCA_002494365.2,Escherichia coli KL53
GCA_002494365.2,Escherichia coli KL53
GCA_002494365.2,Escherichia coli KL53
GCA_002237285.1,Escherichia coli MEM
GCA_002879975.1,Escherichia coli ML35
GCA_001886535.1,Escherichia coli MRSN352231
GCA_001886535.1,Escherichia coli MRSN352231
GCA_001886535.1,Escherichia coli MRSN352231
GCA_001886535.1,Escherichia coli MRSN352231
GCA_001886535.1,Escherichia coli MRSN352231
GCA_001886535.1,Escherichia coli MRSN352231
GCA_900474495.1,Escherichia coli NCTC11023
GCA_900186905.1,Escherichia coli NCTC122
GCA_002007705.1,Escherichia coli NCTC86
GCA_900474445.1,Escherichia coli NCTC9966
GCA_900474625.1,Escherichia coli NCTC9967
GCA_000257275.1,Escherichia coli P12b
GCA_001029125.1,Escherichia coli PCN061
GCA_001029125.1,Escherichia coli PCN061
GCA_001029125.1,Escherichia coli PCN061
GCA_001029125.1,Escherichia coli PCN061
GCA_001029125.1,Escherichia coli PCN061
GCA_001029125.1,Escherichia coli PCN061
GCA_001029125.1,Escherichia coli PCN061
GCA_003013205.1,Escherichia coli RM14721
GCA_003013205.1,Escherichia coli RM14721
GCA_001276585.2,Escherichia coli RR1
GCA_001901315.1,Escherichia coli S1
GCA_001901315.1,Escherichia coli S1
GCA_001901365.1,Escherichia coli S30
GCA_001901365.1,Escherichia coli S30
GCA_001901365.1,Escherichia coli S30
GCA_001901365.1,Escherichia coli S30
GCA_001900985.1,Escherichia coli S43
GCA_002812545.1,Escherichia coli SC516
GCA_002870165.1,Escherichia coli SCEC020007
GCA_002870165.1,Escherichia coli SCEC020007
GCA_002870165.1,Escherichia coli SCEC020007
GCA_002850675.4,Escherichia coli SCEC020023
GCA_002850675.4,Escherichia coli SCEC020023
GCA_002850675.4,Escherichia coli SCEC020023
GCA_002850675.4,Escherichia coli SCEC020023
GCA_002850675.4,Escherichia coli SCEC020023
GCA_002850675.4,Escherichia coli SCEC020023
GCA_002850675.4,Escherichia coli SCEC020023
GCA_000987875.1,Escherichia coli SEC470
GCA_001936315.1,Escherichia coli SLK172
GCA_001936315.1,Escherichia coli SLK172
GCA_001936315.1,Escherichia coli SLK172
GCA_000988385.1,Escherichia coli SQ88
GCA_000599625.1,Escherichia coli ST540
GCA_001610755.1,Escherichia coli str. Sanji
GCA_001610755.1,Escherichia coli str. Sanji
GCA_001610755.1,Escherichia coli str. Sanji
GCA_001610755.1,Escherichia coli str. Sanji
GCA_001610755.1,Escherichia coli str. Sanji
GCA_001610755.1,Escherichia coli str. Sanji
GCA_001610755.1,Escherichia coli str. Sanji
GCA_000212715.2,Escherichia coli UMNK88
GCA_000212715.2,Escherichia coli UMNK88
GCA_000212715.2,Escherichia coli UMNK88
GCA_000212715.2,Escherichia coli UMNK88
GCA_000212715.2,Escherichia coli UMNK88
GCA_000212715.2,Escherichia coli UMNK88
GCA_000968515.1,Escherichia coli VR50
GCA_000968515.1,Escherichia coli VR50
GCA_000968515.1,Escherichia coli VR50
GCA_000968515.1,Escherichia coli VR50
GCA_000968515.1,Escherichia coli VR50
GCA_000968515.1,Escherichia coli VR50
GCA_000968515.1,Escherichia coli VR50
GCA_000968515.1,Escherichia coli VR50
GCA_000968515.1,Escherichia coli VR50
GCA_000968515.1,Escherichia coli VR50
GCA_002945135.2,Escherichia coli WCHEC005237
GCA_002945135.2,Escherichia coli WCHEC005237
GCA_002945135.2,Escherichia coli WCHEC005237
GCA_002945135.2,Escherichia coli WCHEC005237
GCA_002945135.2,Escherichia coli WCHEC005237
GCA_002945135.2,Escherichia coli WCHEC005237
GCA_002945135.2,Escherichia coli WCHEC005237
GCA_002945135.2,Escherichia coli WCHEC005237
GCA_002945135.2,Escherichia coli WCHEC005237
GCA_003051985.2,Escherichia coli WCHEC005784
GCA_003051985.2,Escherichia coli WCHEC005784
GCA_003051985.2,Escherichia coli WCHEC005784
GCA_003051985.2,Escherichia coli WCHEC005784
GCA_001969285.3,Escherichia coli WCHEC050613
GCA_001969285.3,Escherichia coli WCHEC050613
GCA_001969285.3,Escherichia coli WCHEC050613
GCA_001969285.3,Escherichia coli WCHEC050613
GCA_001969285.3,Escherichia coli WCHEC050613
GCA_001969285.3,Escherichia coli WCHEC050613
GCA_002761835.1,Escherichia coli WG5
GCA_001860505.1,Escherichia coli Y5
GCA_001596115.1,Shigella sp. PAMC 28760
GCA_001677475.1,Escherichia coli 06-00048
GCA_001677475.1,Escherichia coli 06-00048
GCA_002854065.1,Escherichia coli 14EC033
GCA_002854065.1,Escherichia coli 14EC033
GCA_002854065.1,Escherichia coli 14EC033
GCA_002854065.1,Escherichia coli 14EC033
GCA_002854065.1,Escherichia coli 14EC033
GCA_002854065.1,Escherichia coli 14EC033
GCA_002854065.1,Escherichia coli 14EC033
GCA_002854065.1,Escherichia coli 14EC033
GCA_002058765.1,Escherichia coli DSM 103246
GCA_002196495.1,Escherichia coli EC1515
GCA_002196495.1,Escherichia coli EC1515
GCA_002196495.1,Escherichia coli EC1515
GCA_002196495.1,Escherichia coli EC1515
GCA_002196475.1,Escherichia coli EC974
GCA_002196475.1,Escherichia coli EC974
GCA_002196475.1,Escherichia coli EC974
GCA_002196475.1,Escherichia coli EC974
GCA_000520035.1,Escherichia coli O145:H28 str. RM13514
GCA_000520035.1,Escherichia coli O145:H28 str. RM13514
GCA_000520035.1,Escherichia coli O145:H28 str. RM13514
GCA_000008865.2,Escherichia coli O157:H7 str. Sakai RIMD 0509952
GCA_000008865.2,Escherichia coli O157:H7 str. Sakai RIMD 0509952
GCA_000008865.2,Escherichia coli O157:H7 str. Sakai RIMD 0509952
GCA_000245515.1,Escherichia coli O55:H7 str. RM12579
GCA_000245515.1,Escherichia coli O55:H7 str. RM12579
GCA_000245515.1,Escherichia coli O55:H7 str. RM12579
GCA_000245515.1,Escherichia coli O55:H7 str. RM12579
GCA_000245515.1,Escherichia coli O55:H7 str. RM12579
GCA_000245515.1,Escherichia coli O55:H7 str. RM12579
GCA_000497505.1,Shigella dysenteriae 1617
GCA_000497505.1,Shigella dysenteriae 1617
GCA_000012005.1,Shigella dysenteriae Sd197
GCA_000012005.1,Shigella dysenteriae Sd197
GCA_000012005.1,Shigella dysenteriae Sd197
GCA_002310695.1,Escherichia coli 1428
GCA_002310695.1,Escherichia coli 1428
GCA_002310695.1,Escherichia coli 1428
GCA_002310695.1,Escherichia coli 1428
GCA_002310695.1,Escherichia coli 1428
GCA_003204955.1,Escherichia coli 2016C-3878
GCA_003204955.1,Escherichia coli 2016C-3878
GCA_003571685.1,Escherichia coli AR_0013
GCA_003571685.1,Escherichia coli AR_0013
GCA_002948655.1,Escherichia coli AR_0077
GCA_002948655.1,Escherichia coli AR_0077
GCA_002787645.1,Escherichia coli CREC-544
GCA_002787645.1,Escherichia coli CREC-544
GCA_002787645.1,Escherichia coli CREC-544
GCA_002787645.1,Escherichia coli CREC-544
GCA_002012225.1,Escherichia coli Ecol_881
GCA_002012225.1,Escherichia coli Ecol_881
GCA_002012225.1,Escherichia coli Ecol_881
GCA_002012225.1,Escherichia coli Ecol_881
GCA_002012225.1,Escherichia coli Ecol_881
GCA_002012225.1,Escherichia coli Ecol_881
GCA_002012225.1,Escherichia coli Ecol_881
GCA_002012225.1,Escherichia coli Ecol_881
GCA_002012225.1,Escherichia coli Ecol_881
GCA_000784925.1,Escherichia coli ECONIH1
GCA_000784925.1,Escherichia coli ECONIH1
GCA_000784925.1,Escherichia coli ECONIH1
GCA_000784925.1,Escherichia coli ECONIH1
GCA_000026345.1,Escherichia coli IAI39
GCA_002214205.1,Escherichia coli M160133
GCA_002214205.1,Escherichia coli M160133
GCA_002214205.1,Escherichia coli M160133
GCA_002214205.1,Escherichia coli M160133
GCA_002357895.1,Escherichia coli MRY15-117
GCA_002357895.1,Escherichia coli MRY15-117
GCA_002357895.1,Escherichia coli MRY15-117
GCA_002357875.1,Escherichia coli MRY15-131
GCA_002357875.1,Escherichia coli MRY15-131
GCA_002357875.1,Escherichia coli MRY15-131
GCA_001721525.1,Escherichia coli MS6198
GCA_001721525.1,Escherichia coli MS6198
GCA_001721525.1,Escherichia coli MS6198
GCA_001721525.1,Escherichia coli MS6198
GCA_001721525.1,Escherichia coli MS6198
GCA_000227625.1,Escherichia coli O7:K1 str. CE10
GCA_000227625.1,Escherichia coli O7:K1 str. CE10
GCA_000227625.1,Escherichia coli O7:K1 str. CE10
GCA_000227625.1,Escherichia coli O7:K1 str. CE10
GCA_000227625.1,Escherichia coli O7:K1 str. CE10
GCA_000019645.1,Escherichia coli SMS-3-5
GCA_000019645.1,Escherichia coli SMS-3-5
GCA_000019645.1,Escherichia coli SMS-3-5
GCA_000019645.1,Escherichia coli SMS-3-5
GCA_000019645.1,Escherichia coli SMS-3-5
GCA_001485455.1,Escherichia coli ST648
GCA_001485455.1,Escherichia coli ST648
GCA_001485455.1,Escherichia coli ST648
GCA_001485455.1,Escherichia coli ST648
GCA_001485455.1,Escherichia coli ST648
GCA_001485455.1,Escherichia coli ST648
GCA_001485455.1,Escherichia coli ST648
GCA_001485455.1,Escherichia coli ST648
GCA_002966755.1,Escherichia coli WB61
GCA_002763995.1,Escherichia coli
GCA_002763995.1,Escherichia coli
GCA_002763995.1,Escherichia coli
GCA_003095635.1,Escherichia coli 104
GCA_002310635.1,Escherichia coli 1105
GCA_002310635.1,Escherichia coli 1105
GCA_002853715.1,Escherichia coli 14EC020
GCA_002853715.1,Escherichia coli 14EC020
GCA_002853715.1,Escherichia coli 14EC020
GCA_001420955.1,Escherichia coli 2009C-3133
GCA_001420955.1,Escherichia coli 2009C-3133
GCA_001420955.1,Escherichia coli 2009C-3133
GCA_001420955.1,Escherichia coli 2009C-3133
GCA_002357915.1,Escherichia coli 20Ec-P-124
GCA_002357915.1,Escherichia coli 20Ec-P-124
GCA_002357915.1,Escherichia coli 20Ec-P-124
GCA_002357915.1,Escherichia coli 20Ec-P-124
GCA_002357915.1,Escherichia coli 20Ec-P-124
GCA_002357915.1,Escherichia coli 20Ec-P-124
GCA_002357915.1,Escherichia coli 20Ec-P-124
GCA_002310575.1,Escherichia coli 317
GCA_002310575.1,Escherichia coli 317
GCA_000013305.1,Escherichia coli 536
GCA_000148365.1,Escherichia coli ABU 83972
GCA_000148365.1,Escherichia coli ABU 83972
GCA_000813165.1,Escherichia coli APEC IMT5155
GCA_000813165.1,Escherichia coli APEC IMT5155
GCA_000813165.1,Escherichia coli APEC IMT5155
GCA_000014845.1,Escherichia coli APEC O1
GCA_000014845.1,Escherichia coli APEC O1
GCA_000014845.1,Escherichia coli APEC O1
GCA_001021615.1,Escherichia coli APEC O18
GCA_001021635.2,Escherichia coli APEC O2-211
GCA_001021635.2,Escherichia coli APEC O2-211
GCA_001021635.2,Escherichia coli APEC O2-211
GCA_001021635.2,Escherichia coli APEC O2-211
GCA_002796585.1,Escherichia coli AR_0017
GCA_002796585.1,Escherichia coli AR_0017
GCA_003571825.1,Escherichia coli AR_0089
GCA_003571825.1,Escherichia coli AR_0089
GCA_003571825.1,Escherichia coli AR_0089
GCA_000743255.1,Escherichia coli ATCC 25922
GCA_000743255.1,Escherichia coli ATCC 25922
GCA_000743255.1,Escherichia coli ATCC 25922
GCA_003491265.1,Escherichia coli ATCC 700415
GCA_003491265.1,Escherichia coli ATCC 700415
GCA_002763515.3,Escherichia coli BH100 substr. MG2014
GCA_002763515.3,Escherichia coli BH100 substr. MG2014
GCA_002763515.3,Escherichia coli BH100 substr. MG2014
GCA_000007445.1,Escherichia coli CFT073
GCA_001900735.1,Escherichia coli D10
GCA_001900735.1,Escherichia coli D10
GCA_001900735.1,Escherichia coli D10
GCA_001900395.1,Escherichia coli D8
GCA_003181035.1,Escherichia coli DA33135
GCA_003181035.1,Escherichia coli DA33135
GCA_003181035.1,Escherichia coli DA33135
GCA_001663475.1,Escherichia coli Eco889
GCA_001663475.1,Escherichia coli Eco889
GCA_001663475.1,Escherichia coli Eco889
GCA_002012305.1,Escherichia coli Ecol_244
GCA_002012305.1,Escherichia coli Ecol_244
GCA_002012305.1,Escherichia coli Ecol_244
GCA_002012305.1,Escherichia coli Ecol_244
GCA_002012305.1,Escherichia coli Ecol_244
GCA_001618325.1,Escherichia coli Ecol_743
GCA_001618325.1,Escherichia coli Ecol_743
GCA_001618325.1,Escherichia coli Ecol_743
GCA_001618325.1,Escherichia coli Ecol_743
GCA_002012145.1,Escherichia coli Ecol_AZ159
GCA_002012145.1,Escherichia coli Ecol_AZ159
GCA_002012145.1,Escherichia coli Ecol_AZ159
GCA_001675145.1,Escherichia coli ECONIH2
GCA_001675145.1,Escherichia coli ECONIH2
GCA_001675145.1,Escherichia coli ECONIH2
GCA_003346835.1,Escherichia coli Es_ST80_L1_NDM_10_2017
GCA_003346835.1,Escherichia coli Es_ST80_L1_NDM_10_2017
GCA_002844685.1,Escherichia coli ExPEC XM
GCA_002844685.1,Escherichia coli ExPEC XM
GCA_002944935.1,Escherichia coli FDAARGOS_144
GCA_002944935.1,Escherichia coli FDAARGOS_144
GCA_002944935.1,Escherichia coli FDAARGOS_144
GCA_002944935.1,Escherichia coli FDAARGOS_144
GCA_002951855.1,Escherichia coli FHI_NMBU_03
GCA_002951855.1,Escherichia coli FHI_NMBU_03
GCA_001566635.1,Escherichia coli G749
GCA_001566635.1,Escherichia coli G749
GCA_001566635.1,Escherichia coli G749
GCA_001566635.1,Escherichia coli G749
GCA_002953435.1,Escherichia coli HS13-1
GCA_002953435.1,Escherichia coli HS13-1
GCA_002953435.1,Escherichia coli HS13-1
GCA_002953435.1,Escherichia coli HS13-1
GCA_000025745.1,Escherichia coli IHE3034
GCA_000493755.1,Escherichia coli JJ1886
GCA_000493755.1,Escherichia coli JJ1886
GCA_000493755.1,Escherichia coli JJ1886
GCA_000493755.1,Escherichia coli JJ1886
GCA_000493755.1,Escherichia coli JJ1886
GCA_000493755.1,Escherichia coli JJ1886
GCA_001513655.1,Escherichia coli JJ1897
GCA_001513655.1,Escherichia coli JJ1897
GCA_001683435.1,Escherichia coli K-15KW01
GCA_000284495.1,Escherichia coli LF82
GCA_002764015.1,Escherichia coli LS4
GCA_002764015.1,Escherichia coli LS4
GCA_002764015.1,Escherichia coli LS4
GCA_003344465.1,Escherichia coli MCJCHV-1
GCA_003344465.1,Escherichia coli MCJCHV-1
GCA_003344465.1,Escherichia coli MCJCHV-1
GCA_003344465.1,Escherichia coli MCJCHV-1
GCA_003344465.1,Escherichia coli MCJCHV-1
GCA_003344465.1,Escherichia coli MCJCHV-1
GCA_002009315.1,Escherichia coli MDR_56
GCA_002009315.1,Escherichia coli MDR_56
GCA_002009315.1,Escherichia coli MDR_56
GCA_002009315.1,Escherichia coli MDR_56
GCA_002009315.1,Escherichia coli MDR_56
GCA_002009315.1,Escherichia coli MDR_56
GCA_002009315.1,Escherichia coli MDR_56
GCA_002009315.1,Escherichia coli MDR_56
GCA_003020885.1,Escherichia coli MS7163
GCA_003020885.1,Escherichia coli MS7163
GCA_003020885.1,Escherichia coli MS7163
GCA_002846135.1,Escherichia coli MS8345
GCA_002846135.1,Escherichia coli MS8345
GCA_002846135.1,Escherichia coli MS8345
GCA_001566655.1,Escherichia coli MVAST0167
GCA_001566655.1,Escherichia coli MVAST0167
GCA_001566655.1,Escherichia coli MVAST0167
GCA_001660585.1,Escherichia coli NGF1
GCA_001660585.1,Escherichia coli NGF1
GCA_001660585.1,Escherichia coli NGF1
GCA_001660585.1,Escherichia coli NGF1
GCA_001660585.1,Escherichia coli NGF1
GCA_003546975.1,Escherichia coli Nissle 1917
GCA_003546975.1,Escherichia coli Nissle 1917
GCA_003546975.1,Escherichia coli Nissle 1917
GCA_001021595.1,Escherichia coli NMEC O18
GCA_002024865.1,Escherichia coli NU14
GCA_000026545.1,Escherichia coli O127:H6 str. E2348/69
GCA_000026545.1,Escherichia coli O127:H6 str. E2348/69
GCA_000026545.1,Escherichia coli O127:H6 str. E2348/69
GCA_000285655.3,Escherichia coli O25b:H4-ST131 EC958
GCA_000285655.3,Escherichia coli O25b:H4-ST131 EC958
GCA_000285655.3,Escherichia coli O25b:H4-ST131 EC958
GCA_000183345.1,Escherichia coli O83:H1 str. NRG 857C
GCA_000183345.1,Escherichia coli O83:H1 str. NRG 857C
GCA_002285755.1,Escherichia coli PA45B
GCA_002285755.1,Escherichia coli PA45B
GCA_002237305.1,Escherichia coli PAR
GCA_002215095.1,Escherichia coli PSUO2
GCA_002215095.1,Escherichia coli PSUO2
GCA_002215115.1,Escherichia coli PSUO78
GCA_002215115.1,Escherichia coli PSUO78
GCA_002215115.1,Escherichia coli PSUO78
GCA_003044015.1,Escherichia coli RM14715
GCA_003043915.1,Escherichia coli RM14723
GCA_000800845.2,Escherichia coli RS218
GCA_000800845.2,Escherichia coli RS218
GCA_000026285.2,Escherichia coli S88
GCA_000026285.2,Escherichia coli S88
GCA_001566615.1,Escherichia coli SaT040
GCA_001566615.1,Escherichia coli SaT040
GCA_000010485.1,Escherichia coli SE15
GCA_000010485.1,Escherichia coli SE15
GCA_001280325.1,Escherichia coli SF-088
GCA_001280325.1,Escherichia coli SF-088
GCA_001280325.1,Escherichia coli SF-088
GCA_001280325.1,Escherichia coli SF-088
GCA_001280385.1,Escherichia coli SF-166
GCA_001280385.1,Escherichia coli SF-166
GCA_001280405.1,Escherichia coli SF-173
GCA_001280405.1,Escherichia coli SF-173
GCA_001280345.1,Escherichia coli SF-468
GCA_001280345.1,Escherichia coli SF-468
GCA_001280345.1,Escherichia coli SF-468
GCA_001280345.1,Escherichia coli SF-468
GCA_001280345.1,Escherichia coli SF-468
GCA_001280345.1,Escherichia coli SF-468
GCA_002863845.1,Escherichia coli STEC299
GCA_002863845.1,Escherichia coli STEC299
GCA_002863845.1,Escherichia coli STEC299
GCA_000233895.1,Escherichia coli str. clone D i14' i14
GCA_002142715.1,Escherichia coli strain Z247
GCA_002142715.1,Escherichia coli strain Z247
GCA_002142715.1,Escherichia coli strain Z247
GCA_002142715.1,Escherichia coli strain Z247
GCA_000148605.1,Escherichia coli UM146
GCA_000148605.1,Escherichia coli UM146
GCA_001693315.1,Escherichia coli UPEC 26-1
GCA_001693315.1,Escherichia coli UPEC 26-1
GCA_000013265.1,Escherichia coli UTI89
GCA_000013265.1,Escherichia coli UTI89
GCA_001577325.1,Escherichia coli ZH063
GCA_001577325.1,Escherichia coli ZH063
GCA_001577325.1,Escherichia coli ZH063
GCA_001677495.1,Escherichia coli 09-00049
GCA_001677495.1,Escherichia coli 09-00049
GCA_002055605.1,Escherichia coli 13E0725
GCA_002057355.1,Escherichia coli 13E0767
GCA_002057245.1,Escherichia coli 13E0780
GCA_002853805.1,Escherichia coli 14EC029
GCA_002853805.1,Escherichia coli 14EC029
GCA_002853805.1,Escherichia coli 14EC029
GCA_002853805.1,Escherichia coli 14EC029
GCA_002853805.1,Escherichia coli 14EC029
GCA_002853805.1,Escherichia coli 14EC029
GCA_002853965.1,Escherichia coli 14EC047
GCA_002853965.1,Escherichia coli 14EC047
GCA_002853965.1,Escherichia coli 14EC047
GCA_002853965.1,Escherichia coli 14EC047
GCA_002310555.1,Escherichia coli 1943
GCA_002310555.1,Escherichia coli 1943
GCA_002310555.1,Escherichia coli 1943
GCA_002310555.1,Escherichia coli 1943
GCA_001644725.1,Escherichia coli 2011C-3911
GCA_001644725.1,Escherichia coli 2011C-3911
GCA_001420935.1,Escherichia coli 2012C-4227
GCA_001420935.1,Escherichia coli 2012C-4227
GCA_001420935.1,Escherichia coli 2012C-4227
GCA_001679985.1,Escherichia coli 210205630
GCA_001679985.1,Escherichia coli 210205630
GCA_001679985.1,Escherichia coli 210205630
GCA_001679985.1,Escherichia coli 210205630
GCA_001679985.1,Escherichia coli 210205630
GCA_001679985.1,Escherichia coli 210205630
GCA_000026245.1,Escherichia coli 55989
GCA_000819645.1,Escherichia coli 789
GCA_000819645.1,Escherichia coli 789
GCA_000819645.1,Escherichia coli 789
GCA_000819645.1,Escherichia coli 789
GCA_000801185.2,Escherichia coli 94-3024
GCA_000801185.2,Escherichia coli 94-3024
GCA_002156825.1,Escherichia coli 95JB1
GCA_002156825.1,Escherichia coli 95JB1
GCA_002156825.1,Escherichia coli 95JB1
GCA_002156845.1,Escherichia coli 95NR1
GCA_002156845.1,Escherichia coli 95NR1
GCA_002156845.1,Escherichia coli 95NR1
GCA_001051135.1,Escherichia coli ACN001
GCA_001515725.1,Escherichia coli ACN002
GCA_002803905.1,Escherichia coli AMA1167
GCA_002803905.1,Escherichia coli AMA1167
GCA_002803905.1,Escherichia coli AMA1167
GCA_002803905.1,Escherichia coli AMA1167
GCA_002803905.1,Escherichia coli AMA1167
GCA_002803905.1,Escherichia coli AMA1167
GCA_003336405.1,Escherichia coli AMSCJX02
GCA_003336405.1,Escherichia coli AMSCJX02
GCA_003336405.1,Escherichia coli AMSCJX02
GCA_003336405.1,Escherichia coli AMSCJX02
GCA_003336405.1,Escherichia coli AMSCJX02
GCA_003336405.1,Escherichia coli AMSCJX02
GCA_003336405.1,Escherichia coli AMSCJX02
GCA_003325975.1,Escherichia coli AMSHJX01
GCA_003325975.1,Escherichia coli AMSHJX01
GCA_000332755.1,Escherichia coli APEC O78
GCA_002796445.1,Escherichia coli AR_0019
GCA_002796445.1,Escherichia coli AR_0019
GCA_002056145.1,Escherichia coli AR_0069
GCA_002056145.1,Escherichia coli AR_0069
GCA_002056145.1,Escherichia coli AR_0069
GCA_002055635.1,Escherichia coli AR_0118
GCA_002055635.1,Escherichia coli AR_0118
GCA_002055635.1,Escherichia coli AR_0118
GCA_002055635.1,Escherichia coli AR_0118
GCA_002180275.1,Escherichia coli AR_0128
GCA_002180275.1,Escherichia coli AR_0128
GCA_002180275.1,Escherichia coli AR_0128
GCA_002180275.1,Escherichia coli AR_0128
GCA_002180095.1,Escherichia coli AR_0149
GCA_002180095.1,Escherichia coli AR_0149
GCA_002180095.1,Escherichia coli AR_0149
GCA_002180095.1,Escherichia coli AR_0149
GCA_002999075.1,Escherichia coli AR_0374
GCA_002999075.1,Escherichia coli AR_0374
GCA_002999075.1,Escherichia coli AR_0374
GCA_002999075.1,Escherichia coli AR_0374
GCA_003288415.1,Escherichia coli AR_452
GCA_003288415.1,Escherichia coli AR_452
GCA_003288415.1,Escherichia coli AR_452
GCA_003288415.1,Escherichia coli AR_452
GCA_003073955.1,Escherichia coli AR434
GCA_003073955.1,Escherichia coli AR434
GCA_003073875.1,Escherichia coli AR436
GCA_003073875.1,Escherichia coli AR436
GCA_003073875.1,Escherichia coli AR436
GCA_003073875.1,Escherichia coli AR436
GCA_003073815.1,Escherichia coli AR437
GCA_003073815.1,Escherichia coli AR437
GCA_003073815.1,Escherichia coli AR437
GCA_003073815.1,Escherichia coli AR437
GCA_003073815.1,Escherichia coli AR437
GCA_003073815.1,Escherichia coli AR437
GCA_000725265.1,Escherichia coli B7A
GCA_000725265.1,Escherichia coli B7A
GCA_000725265.1,Escherichia coli B7A
GCA_000725265.1,Escherichia coli B7A
GCA_000725265.1,Escherichia coli B7A
GCA_001900335.1,Escherichia coli C10
GCA_001900355.1,Escherichia coli C11
GCA_001900495.1,Escherichia coli C2
GCA_001900495.1,Escherichia coli C2
GCA_001900515.1,Escherichia coli C3
GCA_001900515.1,Escherichia coli C3
GCA_001900535.1,Escherichia coli C5
GCA_001900535.1,Escherichia coli C5
GCA_001900535.1,Escherichia coli C5
GCA_001901425.1,Escherichia coli C7
GCA_001901425.1,Escherichia coli C7
GCA_001900555.1,Escherichia coli C8
GCA_001900555.1,Escherichia coli C8
GCA_001900555.1,Escherichia coli C8
GCA_001900555.1,Escherichia coli C8
GCA_001721225.1,Escherichia coli CFSAN004176
GCA_001721225.1,Escherichia coli CFSAN004176
GCA_001721225.1,Escherichia coli CFSAN004176
GCA_001721225.1,Escherichia coli CFSAN004176
GCA_001721205.1,Escherichia coli CFSAN004177
GCA_001721205.1,Escherichia coli CFSAN004177
GCA_001721205.1,Escherichia coli CFSAN004177
GCA_001721205.1,Escherichia coli CFSAN004177
GCA_001007915.1,Escherichia coli CFSAN029787
GCA_001007915.1,Escherichia coli CFSAN029787
GCA_001007915.1,Escherichia coli CFSAN029787
GCA_003342715.1,Escherichia coli CFSAN064035
GCA_003342715.1,Escherichia coli CFSAN064035
GCA_003342715.1,Escherichia coli CFSAN064035
GCA_003342715.1,Escherichia coli CFSAN064035
GCA_003342715.1,Escherichia coli CFSAN064035
GCA_003342715.1,Escherichia coli CFSAN064035
GCA_000971615.1,Escherichia coli CI5
GCA_000971615.1,Escherichia coli CI5
GCA_003402955.1,Escherichia coli cq9
GCA_003402955.1,Escherichia coli cq9
GCA_003402955.1,Escherichia coli cq9
GCA_003402955.1,Escherichia coli cq9
GCA_003402955.1,Escherichia coli cq9
GCA_002860085.1,Escherichia coli CRE1540
GCA_002860085.1,Escherichia coli CRE1540
GCA_002860085.1,Escherichia coli CRE1540
GCA_002860085.1,Escherichia coli CRE1540
GCA_002860085.1,Escherichia coli CRE1540
GCA_002787935.1,Escherichia coli CREC-591
GCA_002787935.1,Escherichia coli CREC-591
GCA_002787935.1,Escherichia coli CREC-591
GCA_002787935.1,Escherichia coli CREC-591
GCA_002787935.1,Escherichia coli CREC-591
GCA_002893905.2,Escherichia coli CV839-06
GCA_002893905.2,Escherichia coli CV839-06
GCA_002893905.2,Escherichia coli CV839-06
GCA_002803805.2,Escherichia coli CV839-15
GCA_002803805.2,Escherichia coli CV839-15
GCA_002803805.2,Escherichia coli CV839-15
GCA_002803805.2,Escherichia coli CV839-15
GCA_001900595.1,Escherichia coli D1
GCA_001900595.1,Escherichia coli D1
GCA_001900595.1,Escherichia coli D1
GCA_001900635.1,Escherichia coli D3
GCA_001900635.1,Escherichia coli D3
GCA_001900635.1,Escherichia coli D3
GCA_001900675.1,Escherichia coli D5
GCA_001900675.1,Escherichia coli D5
GCA_001900675.1,Escherichia coli D5
GCA_001900695.1,Escherichia coli D6
GCA_001900695.1,Escherichia coli D6
GCA_001900375.1,Escherichia coli D7
GCA_002899475.1,Escherichia coli DH5alpha
GCA_002220215.1,Escherichia coli E62
GCA_002996665.1,Escherichia coli EC11
GCA_002996665.1,Escherichia coli EC11
GCA_002996665.1,Escherichia coli EC11
GCA_002996665.1,Escherichia coli EC11
GCA_002996665.1,Escherichia coli EC11
GCA_000831565.1,Escherichia coli ECC-1470
GCA_000831565.1,Escherichia coli ECC-1470
GCA_003122105.1,Escherichia coli ECCRA-119
GCA_003122105.1,Escherichia coli ECCRA-119
GCA_003122105.1,Escherichia coli ECCRA-119
GCA_003122105.1,Escherichia coli ECCRA-119
GCA_002011945.1,Escherichia coli Ecol_224
GCA_002011945.1,Escherichia coli Ecol_224
GCA_002011945.1,Escherichia coli Ecol_224
GCA_002011945.1,Escherichia coli Ecol_224
GCA_002011945.1,Escherichia coli Ecol_224
GCA_002011945.1,Escherichia coli Ecol_224
GCA_002011945.1,Escherichia coli Ecol_224
GCA_002011945.1,Escherichia coli Ecol_224
GCA_002011945.1,Escherichia coli Ecol_224
GCA_002012005.1,Escherichia coli Ecol_517
GCA_002012005.1,Escherichia coli Ecol_517
GCA_002012005.1,Escherichia coli Ecol_517
GCA_003355175.1,Escherichia coli Es_ST2350_SE1_NDM_03_2018
GCA_003355175.1,Escherichia coli Es_ST2350_SE1_NDM_03_2018
GCA_003355175.1,Escherichia coli Es_ST2350_SE1_NDM_03_2018
GCA_003351385.1,Escherichia coli Es_ST410_NW1_NDM_09_2017
GCA_003351385.1,Escherichia coli Es_ST410_NW1_NDM_09_2017
GCA_003351385.1,Escherichia coli Es_ST410_NW1_NDM_09_2017
GCA_003351385.1,Escherichia coli Es_ST410_NW1_NDM_09_2017
GCA_003351385.1,Escherichia coli Es_ST410_NW1_NDM_09_2017
GCA_002302335.1,Escherichia coli ETEC-2264
GCA_002302335.1,Escherichia coli ETEC-2264
GCA_002302335.1,Escherichia coli ETEC-2264
GCA_002302335.1,Escherichia coli ETEC-2264
GCA_002302315.1,Escherichia coli ETEC-2265
GCA_002302315.1,Escherichia coli ETEC-2265
GCA_002302315.1,Escherichia coli ETEC-2265
GCA_002393465.1,Escherichia coli FDAARGOS_401
GCA_002393465.1,Escherichia coli FDAARGOS_401
GCA_002393365.1,Escherichia coli FDAARGOS_403
GCA_002393365.1,Escherichia coli FDAARGOS_403
GCA_002393365.1,Escherichia coli FDAARGOS_403
GCA_002393365.1,Escherichia coli FDAARGOS_403
GCA_002589795.1,Escherichia coli FDAARGOS_433
GCA_002589795.1,Escherichia coli FDAARGOS_433
GCA_002589795.1,Escherichia coli FDAARGOS_433
GCA_002589795.1,Escherichia coli FDAARGOS_433
GCA_002589795.1,Escherichia coli FDAARGOS_433
GCA_002589795.1,Escherichia coli FDAARGOS_433
GCA_002589795.1,Escherichia coli FDAARGOS_433
GCA_002589795.1,Escherichia coli FDAARGOS_433
GCA_002589795.1,Escherichia coli FDAARGOS_433
GCA_002589795.1,Escherichia coli FDAARGOS_433
GCA_002589795.1,Escherichia coli FDAARGOS_433
GCA_001721125.1,Escherichia coli FORC_028
GCA_001886895.1,Escherichia coli FORC_029
GCA_001886895.1,Escherichia coli FORC_029
GCA_001886935.1,Escherichia coli FORC_041
GCA_002952695.1,Escherichia coli FORC_042
GCA_002214745.2,Escherichia coli FORC_043
GCA_002214745.2,Escherichia coli FORC_043
GCA_003491165.1,Escherichia coli FORC_069
GCA_003491165.1,Escherichia coli FORC_069
GCA_001678965.1,Escherichia coli GB089
GCA_001678965.1,Escherichia coli GB089
GCA_003570765.1,Escherichia coli GE3
GCA_003570765.1,Escherichia coli GE3
GCA_001900475.1,Escherichia coli H10
GCA_001900885.1,Escherichia coli H14
GCA_001901005.1,Escherichia coli H15
GCA_001901005.1,Escherichia coli H15
GCA_001900815.1,Escherichia coli H3
GCA_001900815.1,Escherichia coli H3
GCA_002116715.1,Escherichia coli HB-Coli0
GCA_002116715.1,Escherichia coli HB-Coli0
GCA_002116715.1,Escherichia coli HB-Coli0
GCA_002116715.1,Escherichia coli HB-Coli0
GCA_000967155.1,Escherichia coli HUSEC2011
GCA_000967155.1,Escherichia coli HUSEC2011
GCA_000967155.1,Escherichia coli HUSEC2011
GCA_000967155.1,Escherichia coli HUSEC2011
GCA_000026265.1,Escherichia coli IAI1
GCA_002953455.1,Escherichia coli KBN10P04869
GCA_002953455.1,Escherichia coli KBN10P04869
GCA_002953455.1,Escherichia coli KBN10P04869
GCA_002953455.1,Escherichia coli KBN10P04869
GCA_000258025.1,Escherichia coli KO11FL
GCA_000258025.1,Escherichia coli KO11FL
GCA_000147855.3,Escherichia coli KO11FL KO11
GCA_000147855.3,Escherichia coli KO11FL KO11
GCA_000147855.3,Escherichia coli KO11FL KO11
GCA_002163935.1,Escherichia coli KSC1031
GCA_002163935.1,Escherichia coli KSC1031
GCA_002163955.1,Escherichia coli KSC207
GCA_002163955.1,Escherichia coli KSC207
GCA_002163695.1,Escherichia coli KSC64
GCA_002163655.1,Escherichia coli KSC9
GCA_000468515.1,Escherichia coli LY180
GCA_001901025.1,Escherichia coli M1
GCA_001901025.1,Escherichia coli M1
GCA_001901025.1,Escherichia coli M1
GCA_001901125.1,Escherichia coli M10
GCA_001901125.1,Escherichia coli M10
GCA_001901125.1,Escherichia coli M10
GCA_001901125.1,Escherichia coli M10
GCA_001901125.1,Escherichia coli M10
GCA_001901125.1,Escherichia coli M10
GCA_001901145.1,Escherichia coli M11
GCA_001901145.1,Escherichia coli M11
GCA_001901145.1,Escherichia coli M11
GCA_001901145.1,Escherichia coli M11
GCA_001901145.1,Escherichia coli M11
GCA_001901145.1,Escherichia coli M11
GCA_001901145.1,Escherichia coli M11
GCA_001901165.1,Escherichia coli M15
GCA_001901165.1,Escherichia coli M15
GCA_001901165.1,Escherichia coli M15
GCA_001901165.1,Escherichia coli M15
GCA_001901165.1,Escherichia coli M15
GCA_001901165.1,Escherichia coli M15
GCA_001901185.1,Escherichia coli M18
GCA_001901185.1,Escherichia coli M18
GCA_001901215.1,Escherichia coli M19
GCA_001901215.1,Escherichia coli M19
GCA_001901215.1,Escherichia coli M19
GCA_001901215.1,Escherichia coli M19
GCA_001901215.1,Escherichia coli M19
GCA_001901045.1,Escherichia coli M3
GCA_001901045.1,Escherichia coli M3
GCA_001901045.1,Escherichia coli M3
GCA_001901065.1,Escherichia coli M6
GCA_001901065.1,Escherichia coli M6
GCA_001901065.1,Escherichia coli M6
GCA_001901065.1,Escherichia coli M6
GCA_001901065.1,Escherichia coli M6
GCA_001901085.1,Escherichia coli M8
GCA_001901085.1,Escherichia coli M8
GCA_001901085.1,Escherichia coli M8
GCA_001901085.1,Escherichia coli M8
GCA_001901085.1,Escherichia coli M8
GCA_003586045.1,Escherichia coli M8
GCA_003586045.1,Escherichia coli M8
GCA_003586045.1,Escherichia coli M8
GCA_003586045.1,Escherichia coli M8
GCA_001901105.1,Escherichia coli M9
GCA_001901105.1,Escherichia coli M9
GCA_001901105.1,Escherichia coli M9
GCA_001901105.1,Escherichia coli M9
GCA_001542675.2,Escherichia coli MRE600
GCA_001542675.2,Escherichia coli MRE600
GCA_001542675.2,Escherichia coli MRE600
GCA_001542675.2,Escherichia coli MRE600
GCA_003433275.1,Escherichia coli NCCP15648
GCA_003433275.1,Escherichia coli NCCP15648
GCA_003433275.1,Escherichia coli NCCP15648
GCA_003433275.1,Escherichia coli NCCP15648
GCA_003112165.1,Escherichia coli O103 str. RM8385
GCA_003112165.1,Escherichia coli O103 str. RM8385
GCA_003112165.1,Escherichia coli O103 str. RM8385
GCA_000010745.1,Escherichia coli O103:H2 str. 12009 
GCA_000010745.1,Escherichia coli O103:H2 str. 12009 
GCA_000464955.2,Escherichia coli O104:H21 str. CFSAN002236
GCA_000464955.2,Escherichia coli O104:H21 str. CFSAN002236
GCA_000299455.1,Escherichia coli O104:H4 str. 2011C-3493
GCA_000299455.1,Escherichia coli O104:H4 str. 2011C-3493
GCA_000299455.1,Escherichia coli O104:H4 str. 2011C-3493
GCA_000299455.1,Escherichia coli O104:H4 str. 2011C-3493
GCA_003112245.1,Escherichia coli O111 str. RM9322
GCA_003112245.1,Escherichia coli O111 str. RM9322
GCA_003112245.1,Escherichia coli O111 str. RM9322
GCA_000010765.1,Escherichia coli O111:H- str. 11128
GCA_000010765.1,Escherichia coli O111:H- str. 11128
GCA_000010765.1,Escherichia coli O111:H- str. 11128
GCA_000010765.1,Escherichia coli O111:H- str. 11128
GCA_000010765.1,Escherichia coli O111:H- str. 11128
GCA_000010765.1,Escherichia coli O111:H- str. 11128
GCA_003112145.1,Escherichia coli O121 str. RM8352
GCA_003112145.1,Escherichia coli O121 str. RM8352
GCA_002844165.1,Escherichia coli O121:H19 16-9255
GCA_002844165.1,Escherichia coli O121:H19 16-9255
GCA_000017745.1,Escherichia coli O139:H28 str. E24377A
GCA_000017745.1,Escherichia coli O139:H28 str. E24377A
GCA_000017745.1,Escherichia coli O139:H28 str. E24377A
GCA_000017745.1,Escherichia coli O139:H28 str. E24377A
GCA_000017745.1,Escherichia coli O139:H28 str. E24377A
GCA_000017745.1,Escherichia coli O139:H28 str. E24377A
GCA_000017745.1,Escherichia coli O139:H28 str. E24377A
GCA_001693635.1,Escherichia coli O177:H21
GCA_001693635.1,Escherichia coli O177:H21
GCA_001693635.1,Escherichia coli O177:H21
GCA_001693635.1,Escherichia coli O177:H21
GCA_001693635.1,Escherichia coli O177:H21
GCA_001693635.1,Escherichia coli O177:H21
GCA_003112225.1,Escherichia coli O26 str. RM10386
GCA_003112225.1,Escherichia coli O26 str. RM10386
GCA_003112225.1,Escherichia coli O26 str. RM10386
GCA_003112185.1,Escherichia coli O26 str. RM8426
GCA_003112185.1,Escherichia coli O26 str. RM8426
GCA_000091005.1,Escherichia coli O26:H11 str. 11368
GCA_000091005.1,Escherichia coli O26:H11 str. 11368
GCA_000091005.1,Escherichia coli O26:H11 str. 11368
GCA_000091005.1,Escherichia coli O26:H11 str. 11368
GCA_000091005.1,Escherichia coli O26:H11 str. 11368
GCA_003112205.1,Escherichia coli O43 str. RM10042
GCA_003112205.1,Escherichia coli O43 str. RM10042
GCA_003112205.1,Escherichia coli O43 str. RM10042
GCA_003112205.1,Escherichia coli O43 str. RM10042
GCA_002716885.1,Escherichia coli O91 str. RM7190
GCA_002716885.1,Escherichia coli O91 str. RM7190
GCA_002716885.1,Escherichia coli O91 str. RM7190
GCA_002215155.1,Escherichia coli PSUO103
GCA_002215155.1,Escherichia coli PSUO103
GCA_003176855.1,Escherichia coli RM10466
GCA_003176855.1,Escherichia coli RM10466
GCA_003176855.1,Escherichia coli RM10466
GCA_003288295.1,Escherichia coli RM9131
GCA_003288295.1,Escherichia coli RM9131
GCA_003288295.1,Escherichia coli RM9131
GCA_000801165.1,Escherichia coli RM9387
GCA_000801165.1,Escherichia coli RM9387
GCA_003288275.1,Escherichia coli RM9975
GCA_003288275.1,Escherichia coli RM9975
GCA_003288275.1,Escherichia coli RM9975
GCA_001901465.1,Escherichia coli S10
GCA_001900925.1,Escherichia coli S21
GCA_001900905.1,Escherichia coli S3
GCA_001900945.1,Escherichia coli S40
GCA_001900965.1,Escherichia coli S42
GCA_001901405.1,Escherichia coli S50
GCA_001901405.1,Escherichia coli S50
GCA_001660565.1,Escherichia coli S51
GCA_001660565.1,Escherichia coli S51
GCA_001660565.1,Escherichia coli S51
GCA_001901445.1,Escherichia coli S56
GCA_001901445.1,Escherichia coli S56
GCA_001901445.1,Escherichia coli S56
GCA_001901445.1,Escherichia coli S56
GCA_003203755.1,Escherichia coli SD134209
GCA_003203755.1,Escherichia coli SD134209
GCA_003203755.1,Escherichia coli SD134209
GCA_000010385.1,Escherichia coli SE11 
GCA_000010385.1,Escherichia coli SE11 
GCA_000010385.1,Escherichia coli SE11 
GCA_000010385.1,Escherichia coli SE11 
GCA_000010385.1,Escherichia coli SE11 
GCA_000010385.1,Escherichia coli SE11 
GCA_000010385.1,Escherichia coli SE11 
GCA_002863885.1,Escherichia coli SMN013SH2
GCA_002863885.1,Escherichia coli SMN013SH2
GCA_002863885.1,Escherichia coli SMN013SH2
GCA_002863685.1,Escherichia coli SMN152SH1
GCA_002863685.1,Escherichia coli SMN152SH1
GCA_002863685.1,Escherichia coli SMN152SH1
GCA_002863685.1,Escherichia coli SMN152SH1
GCA_002863665.1,Escherichia coli SMN197SH3
GCA_002863665.1,Escherichia coli SMN197SH3
GCA_002863665.1,Escherichia coli SMN197SH3
GCA_002863665.1,Escherichia coli SMN197SH3
GCA_003413625.1,Escherichia coli UK_Dog_Liverpool
GCA_003413625.1,Escherichia coli UK_Dog_Liverpool
GCA_003413625.1,Escherichia coli UK_Dog_Liverpool
GCA_003413625.1,Escherichia coli UK_Dog_Liverpool
GCA_003413625.1,Escherichia coli UK_Dog_Liverpool
GCA_003413625.1,Escherichia coli UK_Dog_Liverpool
GCA_000184185.1,Escherichia coli W
GCA_000184185.1,Escherichia coli W
GCA_000184185.1,Escherichia coli W
GCA_000258145.1,Escherichia coli W
GCA_000258145.1,Escherichia coli W
GCA_000258145.1,Escherichia coli W
GCA_002237325.1,Escherichia coli WAT
GCA_002811555.2,Escherichia coli WCHEC025943
GCA_002811555.2,Escherichia coli WCHEC025943
GCA_002811555.2,Escherichia coli WCHEC025943
GCA_002811555.2,Escherichia coli WCHEC025943
GCA_002811555.2,Escherichia coli WCHEC025943
GCA_002811555.2,Escherichia coli WCHEC025943
GCA_002811555.2,Escherichia coli WCHEC025943
GCA_003268695.1,Escherichia coli WCHEC035148
GCA_003268695.1,Escherichia coli WCHEC035148
GCA_003268695.1,Escherichia coli WCHEC035148
GCA_003268695.1,Escherichia coli WCHEC035148
GCA_003268695.1,Escherichia coli WCHEC035148
GCA_001442495.1,Escherichia coli YD786
GCA_001027225.1,Shigella boydii ATCC 9210
GCA_000020185.1,Shigella boydii CDC 3083-94 BS512;
GCA_000020185.1,Shigella boydii CDC 3083-94 BS512;
GCA_000020185.1,Shigella boydii CDC 3083-94 BS512;
GCA_000020185.1,Shigella boydii CDC 3083-94 BS512;
GCA_000020185.1,Shigella boydii CDC 3083-94 BS512;
GCA_000020185.1,Shigella boydii CDC 3083-94 BS512;
GCA_000012025.1,Shigella boydii Sb227
GCA_000012025.1,Shigella boydii Sb227
GCA_000953035.1,Shigella flexneri
GCA_001578125.1,Shigella flexneri 1a 228
GCA_001578125.1,Shigella flexneri 1a 228
GCA_001578125.1,Shigella flexneri 1a 228
GCA_001578125.1,Shigella flexneri 1a 228
GCA_001578125.1,Shigella flexneri 1a 228
GCA_002240115.1,Shigella flexneri 1a 439
GCA_002240115.1,Shigella flexneri 1a 439
GCA_002240115.1,Shigella flexneri 1a 439
GCA_002240135.1,Shigella flexneri 1a 670
GCA_002240135.1,Shigella flexneri 1a 670
GCA_002240135.1,Shigella flexneri 1a 670
GCA_002442995.1,Shigella flexneri 1c Y394
GCA_000022245.1,Shigella flexneri 2002017
GCA_000022245.1,Shigella flexneri 2002017
GCA_000022245.1,Shigella flexneri 2002017
GCA_000022245.1,Shigella flexneri 2002017
GCA_000022245.1,Shigella flexneri 2002017
GCA_000022245.1,Shigella flexneri 2002017
GCA_000743955.1,Shigella flexneri 2003036
GCA_001580175.1,Shigella flexneri 2a 981
GCA_001580175.1,Shigella flexneri 2a 981
GCA_001580175.1,Shigella flexneri 2a 981
GCA_000007405.1,Shigella flexneri 2a str. 2457T
GCA_000006925.2,Shigella flexneri 2a str. 301
GCA_000006925.2,Shigella flexneri 2a str. 302
GCA_001579965.1,Shigella flexneri 4c 1205
GCA_001579965.1,Shigella flexneri 4c 1205
GCA_001579965.1,Shigella flexneri 4c 1205
GCA_001579965.1,Shigella flexneri 4c 1205
GCA_002240075.1,Shigella flexneri 4c 1602
GCA_002240075.1,Shigella flexneri 4c 1602
GCA_002240075.1,Shigella flexneri 4c 1602
GCA_002240095.1,Shigella flexneri 4c 702
GCA_002240095.1,Shigella flexneri 4c 702
GCA_002240095.1,Shigella flexneri 4c 702
GCA_000013585.1,Shigella flexneri 5 str. 8401
GCA_003855135.1,Shigella flexneri FDAARGOS_535
GCA_003855135.1,Shigella flexneri FDAARGOS_535
GCA_003855135.1,Shigella flexneri FDAARGOS_535
GCA_003855135.1,Shigella flexneri FDAARGOS_535
GCA_003855135.1,Shigella flexneri FDAARGOS_535
GCA_003855135.1,Shigella flexneri FDAARGOS_535
GCA_003855135.1,Shigella flexneri FDAARGOS_535
GCA_000783735.2,Shigella flexneri FDAARGOS_74
GCA_000783735.2,Shigella flexneri FDAARGOS_74
GCA_001021855.1,Shigella flexneri G1663
GCA_001021855.1,Shigella flexneri G1663
GCA_000743995.1,Shigella flexneri Shi06HN006
GCA_002142635.1,Shigella sonnei 2015AM-1099
GCA_002224625.1,Shigella sonnei 2015C-3566
GCA_002224625.1,Shigella sonnei 2015C-3566
GCA_002224605.1,Shigella sonnei 2015C-3794
GCA_002224605.1,Shigella sonnei 2015C-3794
GCA_002224465.1,Shigella sonnei 2015C-3807
GCA_002224465.1,Shigella sonnei 2015C-3807
GCA_002224465.1,Shigella sonnei 2015C-3807
GCA_002150905.1,Shigella sonnei 75/02
GCA_002150905.1,Shigella sonnei 75/02
GCA_002150905.1,Shigella sonnei 75/02
GCA_002150905.1,Shigella sonnei 75/02
GCA_002150905.1,Shigella sonnei 75/02
GCA_002150905.1,Shigella sonnei 75/02
GCA_002150905.1,Shigella sonnei 75/02
GCA_002150905.1,Shigella sonnei 75/02
GCA_003265245.1,Shigella sonnei 866
GCA_003265245.1,Shigella sonnei 866
GCA_002442535.1,Shigella sonnei CFSAN030807
GCA_002442535.1,Shigella sonnei CFSAN030807
GCA_002442535.1,Shigella sonnei CFSAN030807
GCA_002442535.1,Shigella sonnei CFSAN030807
GCA_002442535.1,Shigella sonnei CFSAN030807
GCA_002442535.1,Shigella sonnei CFSAN030807
GCA_002442535.1,Shigella sonnei CFSAN030807
GCA_002442535.1,Shigella sonnei CFSAN030807
GCA_002442535.1,Shigella sonnei CFSAN030807
GCA_003855115.1,Shigella sonnei FDAARGOS_524
GCA_003855115.1,Shigella sonnei FDAARGOS_524
GCA_003855115.1,Shigella sonnei FDAARGOS_524
GCA_003855115.1,Shigella sonnei FDAARGOS_524
GCA_003855115.1,Shigella sonnei FDAARGOS_524
GCA_001558295.2,Shigella sonnei FDAARGOS_90
GCA_001558295.2,Shigella sonnei FDAARGOS_90
GCA_001558295.2,Shigella sonnei FDAARGOS_90
GCA_001558295.2,Shigella sonnei FDAARGOS_90
GCA_001558295.2,Shigella sonnei FDAARGOS_90
GCA_001558295.2,Shigella sonnei FDAARGOS_90
GCA_001518855.1,Shigella sonnei FORC_011
GCA_001518855.1,Shigella sonnei FORC_011
GCA_001518855.1,Shigella sonnei FORC_011
GCA_001518855.1,Shigella sonnei FORC_011
GCA_000092525.1,Shigella sonnei Ss046
GCA_000092525.1,Shigella sonnei Ss046
GCA_000092525.1,Shigella sonnei Ss046
GCA_000092525.1,Shigella sonnei Ss046
GCA_000092525.1,Shigella sonnei Ss046
